id,translatable_id,addition,locale
2,2,,cs
3,3,,cs
4,4,,cs
5,5,,cs
7,7,,cs
8,8,,cs
12,12,,cs
13,13,,cs
14,14,,cs
15,15,,cs
16,16,,cs
17,17,,cs
18,18,,cs
19,19,,cs
26,26,,cs
27,27,,cs
28,28,,cs
49,49,,cs
50,50,(radiomajáky),cs
51,51,,cs
52,52,,cs
53,53,,cs
54,54,,cs
55,55,,cs
56,56,,cs
57,57,,cs
58,58,,cs
59,59,,cs
60,60,,cs
61,61,,cs
62,62,,cs
63,63,,cs
64,64,,cs
65,65,,cs
68,68,,cs
69,69,,cs
70,70,,cs
71,71,,cs
72,72,,cs
73,73,,cs
74,74,,cs
75,75,"Doplňkové přidělení v souladu s 5.96 a CZ4",cs
78,78,,cs
79,79,,cs
80,80,,cs
81,81,,cs
82,82,"kromě letecké pohyblivé",cs
83,83,"v souladu s 5.96",cs
84,84,,cs
85,85,"kromě letecké pohyblivé (R)",cs
86,86,,cs
87,87,"kromě letecké pohyblivé (R)",cs
88,88,,cs
89,89,,cs
90,90,,cs
93,93,,cs
94,94,,cs
95,95,"(tíseň a volání)",cs
97,97,,cs
98,98,"kromě letecké pohyblivé (R)",cs
99,99,,cs
100,100,"kromě letecké pohyblivé (R)",cs
101,101,"(2500 kHz)",cs
102,102,,cs
103,103,,cs
104,104,,cs
105,105,"kromě letecké pohyblivé (R)",cs
106,106,,cs
107,107,,cs
108,108,,cs
109,109,"kromě letecké pohyblivé (R)",cs
110,110,(R),cs
111,111,(OR),cs
112,112,,cs
113,113,"kromě letecké pohyblivé (R)",cs
114,114,,cs
115,115,"kromě letecké pohyblivé (R)",cs
116,116,,cs
117,117,"kromě letecké pohyblivé",cs
118,118,(R),cs
119,119,,cs
120,120,,cs
121,121,"kromě letecké pohyblivé",cs
122,122,,cs
123,123,(OR),cs
124,124,,cs
125,125,(OR),cs
126,126,,cs
127,127,,cs
128,128,,cs
129,129,,cs
130,130,,cs
131,131,,cs
132,132,,cs
133,133,,cs
134,134,,cs
135,135,,cs
136,136,"kromě letecké pohyblivé (R)",cs
137,137,(R),cs
138,138,(OR),cs
139,139,,cs
140,140,(OR),cs
141,141,,cs
142,142,,cs
143,143,,cs
144,144,,cs
145,145,,cs
146,146,,cs
147,147,,cs
148,148,,cs
149,149,"kromě letecké pohyblivé",cs
150,150,,cs
151,151,"kromě letecké pohyblivé",cs
152,152,,cs
153,153,(OR),cs
154,154,,cs
155,155,(R),cs
156,156,(OR),cs
157,157,,cs
158,158,,cs
159,159,,cs
160,160,"Doplňkové přidělení v souladu s 5.136.",cs
161,161,,cs
162,162,,cs
163,163,,cs
164,164,(R),cs
165,165,(OR),cs
166,166,,cs
167,167,"kromě letecké pohyblivé (R)",cs
168,168,,cs
169,169,,cs
170,170,,cs
171,171,,cs
172,172,,cs
173,173,"Doplňkové přidělení v souladu s 5.143 a 5.143B",cs
174,174,"Doplňkové přidělení v souladu s 5.143 a 5.143B",cs
175,175,,cs
176,176,"Doplňkové přidělení v souladu s 5.143B",cs
177,177,"Doplňkové přidělení v souladu s 5.143B",cs
178,178,,cs
179,179,"kromě letecké pohyblivé (R)",cs
180,180,,cs
181,181,,cs
182,182,,cs
183,183,(R),cs
184,184,(OR),cs
185,185,,cs
186,186,"Doplňkové přidělení v souladu s 5.146.",cs
187,187,,cs
188,188,,cs
189,189,,cs
190,190,,cs
191,191,,cs
192,192,,cs
193,193,,cs
194,194,,cs
195,195,(R),cs
196,196,,cs
197,197,,cs
198,198,,cs
199,199,"kromě letecké pohyblivé (R)",cs
200,200,(OR),cs
201,201,(R),cs
202,202,,cs
203,203,"Doplňkové přidělení v souladu s 5.146.",cs
204,204,,cs
205,205,,cs
206,206,,cs
207,207,"Doplňkové přidělení v souladu s 5.146.",cs
208,208,,cs
209,209,,cs
210,210,,cs
211,211,,cs
212,212,(OR),cs
213,213,(R),cs
214,214,,cs
215,215,,cs
216,216,,cs
217,217,"kromě letecké pohyblivé (R)",cs
218,218,"Doplňkové přidělení v souladu s 5.151",cs
219,219,,cs
220,220,"kromě letecké pohyblivé (R). Doplňkov přidělení v souladu s 5.151.",cs
221,221,,cs
222,222,,cs
223,223,"Doplňkové přidělení v souladu s 5.151",cs
224,224,,cs
225,225,"kromě letecké pohyblivé (R). Doplňkov přidělení v souladu s 5.151.",cs
226,226,,cs
227,227,"kromě letecké pohyblivé (R)",cs
228,228,,cs
229,229,,cs
230,230,,cs
231,231,,cs
232,232,"kromě letecké pohyblivé (R)",cs
233,233,,cs
234,234,,cs
235,235,(OR),cs
236,236,,cs
237,237,,cs
238,238,,cs
239,239,"Doplňkové přidělení v souladu s 5.146.",cs
240,240,,cs
241,241,,cs
242,242,,cs
243,243,,cs
244,244,,cs
245,245,"Doplňkové přidělení v souladu s 5.146.",cs
246,246,,cs
247,247,,cs
248,248,,cs
249,249,(R),cs
250,250,(OR),cs
251,251,,cs
252,252,,cs
253,253,,cs
254,254,,cs
255,255,,cs
256,256,,cs
257,257,"kromě letecké pohyblivé",cs
258,258,,cs
259,259,"Doplňkové přidělení v souladu s 5.146.",cs
260,260,,cs
261,261,,cs
262,262,,cs
263,263,,cs
264,264,,cs
265,265,,cs
266,266,,cs
267,267,,cs
268,268,,cs
269,269,,cs
270,270,,cs
271,271,,cs
272,272,,cs
273,273,,cs
274,274,(R),cs
275,275,,cs
276,276,,cs
277,277,,cs
278,278,"kromě letecké pohyblivé (R)",cs
279,279,,cs
280,280,(OR),cs
281,281,,cs
282,282,"kromě letecké pohyblivé",cs
283,283,,cs
284,284,,cs
285,285,,cs
286,286,,cs
287,287,,cs
288,288,,cs
289,289,,cs
290,290,"kromě letecké pohyblivé",cs
291,291,,cs
292,292,,cs
293,293,"kromě letecké pohyblivé",cs
294,294,,cs
295,295,,cs
296,296,,cs
297,297,,cs
298,298,"kromě letecké pohyblivé",cs
299,299,,cs
300,300,"kromě letecké pohyblivé",cs
301,301,,cs
302,302,"kromě letecké pohyblivé",cs
303,303,,cs
304,304,,cs
305,305,,cs
306,306,,cs
307,307,,cs
309,309,,cs
313,313,,cs
316,316,,cs
318,318,,cs
320,320,,cs
322,322,,cs
323,323,,cs
325,325,,cs
327,327,,cs
329,329,,cs
330,330,,cs
332,332,,cs
334,334,,cs
335,335,,cs
337,337,,cs
339,339,,cs
343,343,,cs
344,344,,cs
345,345,,cs
346,346,"Doplňkové přidělení v souladu s poznámou 5.162A Řádu.",cs
348,348,,cs
350,350,,cs
352,352,,cs
353,353,,cs
355,355,,cs
357,357,,cs
358,358,,cs
361,361,,cs
362,362,,cs
363,363,,cs
364,364,,cs
366,366,,cs
367,367,,cs
369,369,,cs
371,371,,cs
373,373,"kromě letecké pohyblivé",cs
375,375,"kromě letecké pohyblivé",cs
377,377,"kromě letecké pohyblivé",cs
378,378,,cs
380,380,,cs
382,382,,cs
384,384,,cs
385,385,,cs
386,386,,cs
387,387,,cs
390,390,,cs
392,392,(OR),cs
393,393,"(sestupný směr)",cs
395,395,"(sestupný směr)",cs
396,396,"(sestupný směr)",cs
397,397,"(sestupný směr)",cs
398,398,(OR),cs
399,399,"(sestupný směr)",cs
401,401,"(sestupný směr)",cs
402,402,"(sestupný směr)",cs
403,403,"kromě letecké pohyblivé (R)",cs
404,404,"(sestupný směr)",cs
405,405,(OR),cs
406,406,"(sestupný směr)",cs
408,408,"(sestupný směr)",cs
409,409,"(sestupný směr)",cs
410,410,"kromě letecké pohyblivé (R)",cs
411,411,"(sestupný směr)",cs
412,412,(OR),cs
413,413,"(sestupný směr)",cs
415,415,"(sestupný směr)",cs
416,416,"(sestupný směr)",cs
417,417,"kromě letecké pohyblivé (R)",cs
418,418,"(sestupný směr)",cs
419,419,(OR),cs
420,420,,cs
421,421,"(sestupný směr). Doplňkové přidělení v souladu s 5.210.",cs
422,422,(OR),cs
423,423,,cs
424,424,"(sestupný směr)",cs
425,425,(OR),cs
426,426,,cs
427,427,"(sestupný směr). Doplňkové přidělení v souladu s 5.210.",cs
428,428,,cs
429,429,,cs
431,431,"kromě letecké pohyblivé (R)",cs
433,433,"kromě letecké pohyblivé (R)",cs
434,434,"(vzestupný směr)",cs
435,435,"(vzestupný směr). Doplňkové přidělení v  souladu s 5.218.",cs
436,436,"(vzestupný směr)",cs
439,439,"kromě letecké pohyblivé",cs
440,440,,cs
448,448,"kromě letecké pohyblivé (R)",cs
449,449,,cs
451,451,"kromě letecké pohyblivé (R)",cs
452,452,,cs
454,454,"kromě letecké pohyblivé (R)",cs
456,456,"kromě letecké pohyblivé (R)",cs
457,457,"(tíseň a volání)",cs
459,459,"Doplňkové přidělení v souladu s 5.227",cs
461,461,"Doplňkové přidělení v souladu s 5.227",cs
463,463,"kromě letecké pohyblivé (R)",cs
464,464,"kromě letecké pohyblivé",cs
465,465,,cs
467,467,"kromě letecké pohyblivé",cs
469,469,"kromě letecké pohyblivé",cs
471,471,"kromě letecké pohyblivé",cs
472,472,"(vzestupný směr)",cs
475,475,"kromě letecké pohyblivé",cs
479,479,"kromě letecké pohyblivé",cs
481,481,"kromě letecké pohyblivé",cs
482,482,,cs
483,483,,cs
484,484,,cs
485,485,,cs
487,487,,cs
489,489,,cs
491,491,,cs
493,493,,cs
495,495,,cs
497,497,,cs
499,499,,cs
501,501,,cs
503,503,,cs
505,505,,cs
506,506,,cs
508,508,,cs
509,509,,cs
510,510,,cs
512,512,,cs
514,514,,cs
515,515,,cs
516,516,,cs
518,518,,cs
519,519,"(vzestupný směr)",cs
520,521,,cs
521,522,,cs
522,523,"(sestupný směr)",cs
523,524,"(sestupný směr)",cs
524,525,"(sestupný směr)",cs
525,526,"(sestupný směr)",cs
526,527,,cs
527,528,"(sestupný směr)",cs
528,529,"(vzestupný směr)",cs
529,530,"(vzestupný směr)",cs
532,533,,cs
533,534,"(vzestupný směr)",cs
534,535,"(vzestupný směr)",cs
536,537,"kromě letecké pohyblivé",cs
537,538,,cs
540,541,,cs
542,543,"kromě letecké pohyblivé",cs
543,544,"(vzestupný směr)",cs
545,546,,cs
546,547,,cs
548,549,"kromě letecké pohyblivé",cs
549,550,(družice-družice),cs
551,552,"kromě letecké pohyblivé",cs
552,553,(družice-družice),cs
554,555,"kromě letecké pohyblivé",cs
555,556,,cs
556,557,,cs
557,558,,cs
558,559,,cs
559,560,,cs
560,561,,cs
561,562,,cs
562,563,(aktivní),cs
563,564,,cs
564,565,,cs
565,566,,cs
567,568,"kromě letecké pohyblivé",cs
569,570,"kromě letecké pohyblivé",cs
570,571,,cs
571,572,,cs
572,573,,cs
573,574,,cs
574,575,,cs
575,576,,cs
577,578,,cs
578,579,"Doplňkové přidělení v souladu s 5.306",cs
579,580,,cs
580,581,"Doplňkové přidělení v souladu s 5.291A",cs
581,582,,cs
584,585,"kromě letecké pohyblivé.",cs
587,588,"kromě letecké pohyblivé",cs
588,589,"kromě letecké pohyblivé",cs
589,590,,cs
590,591,"kromě letecké pohyblivé",cs
591,592,,cs
592,593,,cs
593,594,,cs
594,595,,cs
595,596,,cs
596,597,,cs
597,598,"(sestupný směr) (družice-družice)",cs
598,599,,cs
599,600,(aktivní),cs
600,601,,cs
601,602,"(sestupný směr) (družice-družice)",cs
602,603,(aktivní),cs
603,604,(aktivní),cs
604,605,,cs
605,606,"(sestupný směr) (družice-družice)",cs
606,607,(aktivní),cs
607,608,,cs
608,609,,cs
609,610,,cs
610,611,"(vzestupný směr)",cs
611,612,,cs
612,613,,cs
613,614,,cs
615,616,(pasivní),cs
616,617,(pasivní),cs
617,618,(pasivní),cs
618,619,,cs
619,620,(pasivní),cs
620,621,"(vzestupný směr)",cs
621,622,,cs
622,623,"kromě letecké pohyblivé",cs
623,624,,cs
624,625,"kromě letecké pohyblivé",cs
625,626,"kromě letecké pohyblivé",cs
626,627,,cs
627,628,,cs
628,629,,cs
629,630,,cs
630,631,"kromě letecké pohyblivé",cs
631,632,,cs
632,633,"kromě letecké pohyblivé",cs
633,634,"(sestupný směr)",cs
634,635,"(sestupný směr)",cs
635,636,,cs
636,637,"(sestupný směr)",cs
637,638,,cs
638,639,"kromě letecké pohyblivé",cs
639,640,"(sestupný směr)",cs
640,641,"(sestupný směr)",cs
641,642,,cs
642,643,,cs
643,644,"kromě letecké pohyblivé",cs
644,645,"(sestupný směr)",cs
645,646,"(sestupný směr)",cs
646,647,"(sestupný směr)",cs
647,648,"(sestupný směr)",cs
648,649,,cs
649,650,"(sestupný směr) (družice-družice)",cs
650,651,"(R). Doplňkové přidělení v souladu s 5.367",cs
651,652,"(vzestupný směr)",cs
652,653,,cs
653,654,"(vzestupný směr). Doplňkové přidělení v souladu s 5.371",cs
654,655,"(R). Doplňkové přidělení v souladu s 5.367",cs
655,656,"(vzestupný směr)",cs
656,657,,cs
657,658,,cs
658,659,"(vzestupný směr). Doplňkové přidělení v souladu s 5.371",cs
659,660,"(R). Doplňkové přidělení v souladu s 5.367",cs
660,661,"(vzestupný směr)",cs
661,662,,cs
662,663,"(sestupný směr)",cs
663,664,"(vzestupný směr)",cs
664,665,"(vzestupný směr)",cs
665,666,"(vzestupný směr)",cs
666,667,"(vzestupný směr)",cs
667,668,"(vzestupný směr)",cs
668,669,"(vzestupný směr)",cs
669,670,,cs
670,671,,cs
671,672,(pasivní),cs
672,673,,cs
673,674,"kromě letecké pohyblivé",cs
674,675,"(vzestupný směr)",cs
675,676,,cs
676,677,(pasivní),cs
677,678,,cs
678,679,"kromě letecké pohyblivé",cs
679,680,,cs
680,681,,cs
681,682,"kromě letecké pohyblivé",cs
682,683,"(vzestupný směr)",cs
683,684,,cs
684,685,,cs
685,686,"(sestupný směr)",cs
686,687,,cs
687,688,"(vzestupný směr)",cs
688,689,,cs
689,690,,cs
690,691,,cs
691,692,"(sestupný směr)",cs
692,693,"kromě letecké pohyblivé",cs
693,694,,cs
694,695,"(sestupný směr)",cs
695,696,,cs
696,697,"kromě letecké pohyblivé",cs
697,698,,cs
698,699,"(sestupný směr)",cs
699,700,"kromě letecké pohyblivé",cs
700,701,,cs
701,702,,cs
702,703,"Doplňkové přidělení v souladu s 5.385.",cs
703,704,,cs
704,705,,cs
705,706,,cs
706,707,,cs
707,708,,cs
708,709,,cs
709,710,,cs
710,711,,cs
711,712,,cs
712,713,,cs
713,714,"(vzestupný směr)",cs
714,715,,cs
715,716,,cs
716,717,,cs
717,718,,cs
718,719,"(vzestupný směr) (družice-družice)",cs
719,720,"(vzestupný směr) (družice-družice)",cs
720,721,,cs
721,722,,cs
722,723,"(vzestupný směr) (družice-družice)",cs
723,724,,cs
724,725,,cs
725,726,"(daleký kosmos) (vzestupný směr)",cs
726,727,,cs
727,728,,cs
728,729,"(sestupný směr)",cs
729,730,,cs
730,731,,cs
731,732,"(sestupný směr) (družice-družice)",cs
732,733,"(sestupný směr) (družice-družice)",cs
733,734,,cs
734,735,,cs
735,736,"(sestupný směr) (družice-družice)",cs
736,737,,cs
737,738,"kromě letecké pohyblivé",cs
738,739,"(daleký kosmos) (sestupný směr)",cs
739,740,,cs
740,741,,cs
741,742,,cs
742,743,,cs
743,744,,cs
744,745,,cs
745,746,,cs
746,747,,cs
747,748,"(sestupný směr)",cs
748,749,"(sestupný směr). Doplňkové přidělení v souladu s 5.371.",cs
749,750,,cs
750,751,"kromě letecké pohyblivé",cs
751,752,,cs
752,753,"kromě letecké pohyblivé",cs
753,754,(pasivní),cs
754,755,(pasivní),cs
755,756,,cs
756,757,"kromě letecké pohyblivé",cs
757,758,(pasivní),cs
758,759,,cs
759,760,(pasivní),cs
760,761,,cs
761,762,"kromě letecké pohyblivé",cs
763,764,,cs
765,766,(pasivní),cs
766,767,,cs
767,768,(pasivní),cs
768,769,,cs
769,770,,cs
770,771,,cs
771,772,,cs
772,773,,cs
773,774,(aktivní),cs
774,775,(aktivní),cs
775,776,,cs
776,777,,cs
777,778,"(sestupný směr)",cs
778,779,,cs
779,780,,cs
780,781,,cs
781,782,,cs
782,783,"(sestupný směr)",cs
783,784,,cs
784,785,"(sestupný směr)",cs
785,786,,cs
786,787,,cs
787,788,,cs
788,789,,cs
789,790,"(sestupný směr)",cs
790,791,,cs
791,792,,cs
792,793,,cs
793,794,,cs
794,795,,cs
795,796,"kromě letecké pohyblivé",cs
796,797,,cs
797,798,,cs
798,799,"(vzestupný směr)",cs
799,800,(pasivní),cs
800,801,,cs
801,802,"(vzestupný směr) (družice-družice)",cs
802,803,(pasivní),cs
803,804,,cs
805,806,,cs
806,807,,cs
807,808,"(vzestupný směr). Doplňkové přidělení v souladu s 5.444A v přednostní kategorii.",cs
808,809,,cs
809,810,"(vzestupný směr)",cs
810,811,"kromě letecké pohyblivé",cs
811,812,(aktivní),cs
812,813,"kromě letecké pohyblivé",cs
813,814,,cs
814,815,,cs
815,816,(aktivní),cs
816,817,"kromě letecké pohyblivé",cs
817,818,,cs
818,819,(aktivní),cs
819,820,(aktivní),cs
820,821,,cs
821,822,,cs
822,823,,cs
823,824,(aktivní),cs
824,825,,cs
825,826,,cs
826,827,(aktivní),cs
827,828,(aktivní),cs
828,829,"kromě letecké pohyblivé",cs
829,830,,cs
830,831,,cs
831,832,(aktivní),cs
832,833,"kromě letecké pohyblivé",cs
833,834,,cs
834,835,,cs
835,836,"kromě letecké pohyblivé",cs
836,837,,cs
837,838,,cs
838,839,,cs
840,841,"(vzestupný směr)",cs
841,842,,cs
842,843,,cs
843,844,,cs
844,845,"(vzestupný směr)",cs
845,846,,cs
846,847,,cs
847,848,"(sestupný směr)",cs
848,849,,cs
849,850,,cs
850,851,"(vzestupný směr)",cs
851,852,,cs
852,853,,cs
853,854,"(vzestupný směr)",cs
854,855,,cs
855,856,"(vzestupný směr)",cs
856,857,,cs
857,858,"(vzestupný směr)(sestupný směr)",cs
860,861,,cs
861,862,,cs
862,863,,cs
863,864,,cs
864,865,,cs
865,866,,cs
866,867,"(sestupný směr)",cs
867,868,"(sestupný směr)",cs
872,873,,cs
873,874,"(sestupný směr)",cs
874,875,"(sestupný směr)",cs
875,876,"kromě letecké pohyblivé",cs
876,877,,cs
877,878,"(sestupný směr)",cs
878,879,"kromě letecké pohyblivé",cs
879,880,,cs
880,881,"(sestupný směr)",cs
881,882,"kromě letecké pohyblivé",cs
885,886,,cs
886,887,"(vzestupný směr)",cs
887,888,,cs
888,889,"(vzestupný směr). Doplňkové přidělení v souladu s poznámkou 5.461 Řádu.",cs
890,891,"(sestupný směr)",cs
891,892,,cs
892,893,"(vzestupný směr)",cs
893,894,,cs
894,895,"(sestupný směr)",cs
895,896,,cs
896,897,"(vzestupný směr)",cs
897,898,"(vzestupný směr)",cs
898,899,,cs
899,900,"(sestupný směr)",cs
900,901,,cs
901,902,"(vzestupný směr)",cs
902,903,,cs
903,904,,cs
904,905,"kromě letecké pohyblivé",cs
905,906,"(sestupný směr)",cs
906,907,,cs
907,908,"doplňkové přidělení v souladu s 5.469",cs
908,909,,cs
909,910,"Doplňkové přidělení v souladu s 5.469",cs
910,911,(aktivní),cs
911,912,"Doplňkové přidělení v souladu s 5.469",cs
912,913,,cs
913,914,"Doplňkové přidělení v souladu s 5.469",cs
914,915,(aktivní),cs
915,916,"Doplňkové přidělení v souladu s 5.469",cs
916,917,,cs
917,918,"Doplňkové přidělení v souladu s 5.469",cs
918,919,,cs
919,920,,cs
920,921,,cs
921,922,,cs
922,923,,cs
923,924,,cs
924,925,,cs
925,926,,cs
926,927,,cs
927,928,(aktivní),cs
928,929,(aktivní),cs
929,930,,cs
930,931,,cs
931,932,,cs
932,933,(aktivní),cs
933,934,(aktivní),cs
934,935,,cs
935,936,(aktivní),cs
936,937,(aktivní),cs
937,938,,cs
938,939,"Doplňkové přidělení v souladu s poznámkou 5.479 Řádu.",cs
939,940,,cs
940,941,,cs
941,942,,cs
942,943,,cs
943,944,,cs
944,945,,cs
945,946,,cs
946,947,,cs
947,948,,cs
948,949,,cs
949,950,,cs
950,951,,cs
951,952,,cs
952,953,,cs
953,954,,cs
954,955,,cs
955,956,,cs
956,957,,cs
957,958,"kromě letecké pohyblivé",cs
958,959,,cs
959,960,(pasivní),cs
960,961,,cs
961,962,"kromě letecké pohyblivé",cs
962,963,,cs
963,964,(pasivní),cs
964,965,,cs
965,966,(pasivní),cs
966,967,,cs
967,968,(pasivní),cs
968,969,,cs
969,970,"(sestupný směr) 5.441 (vzestupný směr) 5.484",cs
970,971,"kromě letecké pohyblivé",cs
971,972,,cs
973,974,,cs
974,975,"kromě letecké pohyblivé",cs
975,976,"(sestupný směr). Doplňkové přidělení v souladu s 5.487A.",cs
976,977,"(sestupný směr)",cs
977,978,,cs
978,979,"(vzestupný směr)",cs
979,980,"(daleký kosmos), (sestupný směr)",cs
980,981,,cs
981,982,(aktivní),cs
982,983,(aktivní),cs
983,984,(aktivní),cs
984,985,,cs
985,986,,cs
987,988,"(vzestupný směr)",cs
988,989,,cs
989,990,,cs
991,992,,cs
992,993,"(vzestupný směr)",cs
993,994,"(vzestupný směr)",cs
994,995,,cs
995,996,"(vzestupný směr)",cs
996,997,"(vzestupný směr)",cs
997,998,,cs
999,1000,"(vzestupný směr)",cs
1000,1001,"(vzestupný směr)",cs
1001,1002,,cs
1003,1004,"(vzestupný směr)",cs
1004,1005,"(vzestupný směr)",cs
1005,1006,"(sestupný směr)",cs
1007,1008,"(vzestupný směr)",cs
1008,1009,"(vzestupný směr)",cs
1009,1010,,cs
1010,1011,,cs
1011,1012,,cs
1012,1013,,cs
1013,1014,,cs
1014,1015,,cs
1015,1016,,cs
1016,1017,,cs
1017,1018,,cs
1018,1019,,cs
1019,1020,(pasivní),cs
1020,1021,,cs
1021,1022,(pasivní),cs
1022,1023,,cs
1023,1024,"(vzestupný směr)",cs
1024,1025,,cs
1025,1026,,cs
1026,1027,,cs
1027,1028,,cs
1028,1029,"(daleký kosmos) (vzestupný směr)",cs
1029,1030,,cs
1030,1031,,cs
1031,1032,(aktivní),cs
1032,1033,,cs
1033,1034,,cs
1034,1035,(aktivní),cs
1035,1036,,cs
1036,1037,"(vzestupný směr)",cs
1037,1038,"(sestupný směr)",cs
1038,1039,,cs
1039,1040,,cs
1040,1041,"(sestupný směr)",cs
1041,1042,"(vzestupný směr)",cs
1042,1043,,cs
1043,1044,"(vzestupný směr)",cs
1044,1045,"(sestupný směr)",cs
1045,1046,"(sestupný směr)",cs
1047,1048,,cs
1048,1049,"(sestupný směr)",cs
1049,1050,(pasivní),cs
1050,1051,,cs
1051,1052,"(sestupný směr)",cs
1052,1053,(pasivní),cs
1053,1054,,cs
1054,1055,"(sestupný směr)",cs
1055,1056,,cs
1056,1057,"(sestupný směr) (vzestupný směr)",cs
1057,1058,"(sestupný směr)",cs
1058,1059,"(sestupný směr)",cs
1059,1060,"(sestupný směr)",cs
1060,1061,"(sestupný směr)",cs
1061,1062,"(sestupný směr)",cs
1062,1063,"(sestupný směr)",cs
1063,1064,(pasivní),cs
1064,1065,,cs
1065,1066,,cs
1066,1067,(pasivní),cs
1067,1068,,cs
1068,1069,,cs
1069,1070,,cs
1070,1071,"kromě letecké pohyblivé",cs
1071,1072,(pasivní),cs
1072,1073,,cs
1073,1074,"kromě letecké pohyblivé",cs
1074,1075,,cs
1075,1076,(pasivní),cs
1076,1077,,cs
1077,1078,,cs
1078,1079,,cs
1079,1080,,cs
1080,1081,,cs
1081,1082,,cs
1082,1083,,cs
1083,1084,(pasivní),cs
1084,1085,,cs
1085,1086,(pasivní),cs
1086,1087,,cs
1087,1088,,cs
1088,1089,,cs
1089,1090,,cs
1090,1091,(aktivní),cs
1091,1092,,cs
1092,1093,,cs
1093,1094,,cs
1094,1095,,cs
1095,1096,,cs
1096,1097,,cs
1097,1098,,cs
1098,1099,,cs
1099,1100,,cs
1100,1101,,cs
1101,1102,,cs
1103,1104,,cs
1104,1105,,cs
1105,1106,,cs
1106,1107,"(sestupný směr)",cs
1107,1108,"(sestupný směr)",cs
1109,1110,,cs
1110,1111,,cs
1111,1112,,cs
1112,1113,"(sestupný směr)",cs
1113,1114,"(sestupný směr)",cs
1115,1116,,cs
1116,1117,,cs
1117,1118,,cs
1118,1119,,cs
1119,1120,"(vzestupný směr)",cs
1120,1121,"(sestupný směr)",cs
1121,1122,,cs
1122,1123,"(sestupný směr) Doplňkové přidělení v souladu s 5.538",cs
1123,1124,"(sestupný směr) Doplňkové přidělení v souladu s 5.540",cs
1124,1125,,cs
1125,1126,"(vzestupný směr)",cs
1126,1127,"(vzestupný směr)",cs
1127,1128,"(sestupný směr) Doplňkové přidělení v souladu s 5.540.",cs
1128,1129,,cs
1129,1130,"(vzestupný směr)",cs
1130,1131,"(vzestupný směr)",cs
1131,1132,"(sestupný směr) Doplňkové přidělení v souladu s 5.540.",cs
1132,1133,"(vzestupný směr)",cs
1133,1134,"(vzestupný směr)",cs
1134,1135,"(vzestupný směr)",cs
1135,1136,"(sestupný směr) Doplňkové přidělení v souladu s 5.540.",cs
1136,1137,"(vzestupný směr)",cs
1137,1138,"(vzestupný směr)",cs
1138,1139,"(vzestupný směr)",cs
1139,1140,"(sestupný směr) Doplňkové přidělení v souladu s 5.540.",cs
1140,1141,"(sestupný směr) Doplňkové přidělení v souladu s 5.538.",cs
1141,1142,"(vzestupný směr)",cs
1142,1143,"(vzestupný směr)",cs
1144,1145,,cs
1145,1146,,cs
1146,1147,,cs
1147,1148,(pasivní),cs
1148,1149,,cs
1149,1150,(pasivní),cs
1150,1151,(pasivní),cs
1151,1152,,cs
1152,1153,(pasivní),cs
1153,1154,,cs
1154,1155,"kromě letecké pohyblivé",cs
1155,1156,,cs
1156,1157,,cs
1157,1158,"(daleký kosmos) (sestupný směr)",cs
1158,1159,,cs
1159,1160,,cs
1160,1161,"(daleký kosmos) (sestupný směr)",cs
1161,1162,,cs
1162,1163,,cs
1163,1164,,cs
1164,1165,,cs
1165,1166,,cs
1166,1167,,cs
1167,1168,,cs
1168,1169,"(daleký kosmos) (vzestupný směr)",cs
1169,1170,,cs
1170,1171,,cs
1171,1172,,cs
1172,1173,,cs
1173,1174,,cs
1174,1175,(aktivní),cs
1175,1176,,cs
1176,1177,(aktivní),cs
1177,1178,(pasivní),cs
1178,1179,,cs
1179,1180,,cs
1180,1181,(pasivní),cs
1181,1182,,cs
1182,1183,"(sestupný směr)",cs
1183,1184,"kromě letecké pohyblivé",cs
1184,1185,,cs
1185,1186,"(sestupný směr)",cs
1186,1187,"(sestupný směr)",cs
1187,1188,"(sestupný směr)",cs
1188,1189,"kromě letecké pohyblivé",cs
1189,1190,,cs
1190,1191,"(sestupný směr)",cs
1191,1192,"(sestupný směr)",cs
1192,1193,"kromě letecké pohyblivé",cs
1193,1194,,cs
1194,1195,"(sestupný směr)",cs
1195,1196,,cs
1196,1197,"(sestupný směr)",cs
1197,1198,"(sestupný směr)",cs
1199,1200,,cs
1200,1201,"(sestupný směr)",cs
1201,1202,,cs
1202,1203,"(sestupný směr)",cs
1203,1204,"(vzestupný směr)",cs
1204,1205,"(sestupný směr)",cs
1205,1206,,cs
1207,1208,,cs
1208,1209,,cs
1209,1210,,cs
1211,1212,,cs
1212,1213,,cs
1213,1214,,cs
1214,1215,"(vzestupný směr)",cs
1215,1216,"kromě letecké pohyblivé",cs
1216,1217,,cs
1217,1218,,cs
1218,1219,,cs
1219,1220,,cs
1220,1221,,cs
1221,1222,,cs
1222,1223,,cs
1223,1224,,cs
1224,1225,,cs
1225,1226,,cs
1226,1227,"(vzestupný směr)",cs
1227,1228,,cs
1228,1229,,cs
1229,1230,"(vzestupný směr)",cs
1230,1231,"(sestupný směr)",cs
1231,1232,,cs
1232,1233,,cs
1233,1234,"(vzestupný směr)",cs
1234,1235,,cs
1235,1236,,cs
1236,1237,"(vzestupný směr)",cs
1237,1238,"(sestupný směr)",cs
1238,1239,,cs
1239,1240,,cs
1240,1241,"(vzestupný směr)",cs
1241,1242,,cs
1242,1243,"Doplňkové přidělení v souladu s 5.555",cs
1243,1244,,cs
1244,1245,"(vzestupný směr)",cs
1245,1246,"(sestupný směr)",cs
1246,1247,,cs
1247,1248,(pasivní),cs
1248,1249,(pasivní),cs
1249,1250,,cs
1250,1251,"(vzestupný směr)",cs
1251,1252,"(vzestupný směr)",cs
1252,1253,,cs
1253,1254,,cs
1254,1255,(pasivní),cs
1255,1256,(pasivní),cs
1256,1257,(pasivní),cs
1257,1258,(pasivní),cs
1258,1259,(pasivní),cs
1259,1260,,cs
1260,1261,,cs
1261,1262,(pasivní),cs
1263,1264,(pasivní),cs
1264,1265,,cs
1265,1266,,cs
1266,1267,(pasivní),cs
1267,1268,(pasivní),cs
1268,1269,,cs
1269,1270,,cs
1270,1271,,cs
1271,1272,(pasivní),cs
1272,1273,(pasivní),cs
1273,1274,,cs
1274,1275,(pasivní),cs
1275,1276,(pasivní),cs
1276,1277,,cs
1277,1278,,cs
1278,1279,,cs
1279,1280,,cs
1280,1281,(pasivní),cs
1281,1282,,cs
1282,1283,,cs
1283,1284,,cs
1284,1285,,cs
1285,1286,,cs
1286,1287,,cs
1287,1288,,cs
1288,1289,,cs
1289,1290,,cs
1290,1291,,cs
1291,1292,,cs
1292,1293,,cs
1293,1294,,cs
1294,1295,"kromě letecké pohyblivé",cs
1295,1296,,cs
1296,1297,,cs
1297,1298,,cs
1298,1299,"kromě letecké pohyblivé",cs
1299,1300,,cs
1300,1301,,cs
1301,1302,,cs
1302,1303,,cs
1303,1304,,cs
1304,1305,,cs
1305,1306,,cs
1306,1307,"(sestupný směr)",cs
1307,1308,,cs
1308,1309,"(sestupný směr)",cs
1309,1310,,cs
1310,1311,"(vzestupný směr)",cs
1311,1312,,cs
1312,1313,,cs
1313,1314,,cs
1314,1315,"(sestupný směr)",cs
1315,1316,,cs
1316,1317,,cs
1317,1318,,cs
1318,1319,,cs
1319,1320,"(sestupný směr)",cs
1320,1321,,cs
1321,1322,,cs
1322,1323,,cs
1323,1324,"(sestupný směr)",cs
1324,1325,,cs
1325,1326,,cs
1326,1327,,cs
1327,1328,,cs
1328,1329,"(sestupný směr)",cs
1329,1330,,cs
1330,1331,,cs
1331,1332,,cs
1332,1333,,cs
1333,1334,"(sestupný směr)",cs
1334,1335,,cs
1335,1336,"(vzestupný směr)",cs
1336,1337,,cs
1337,1338,"(vzestupný směr)",cs
1338,1339,,cs
1339,1340,"(sestupný směr)",cs
1340,1341,"Navíc v souladu s 5.561A",cs
1341,1342,"Navíc v souladu s 5.561A",cs
1342,1343,,cs
1343,1344,"(vzestupný směr)",cs
1344,1345,,cs
1345,1346,,cs
1346,1347,(pasivní),cs
1347,1348,,cs
1348,1349,(pasivní),cs
1349,1350,,cs
1350,1351,,cs
1351,1352,,cs
1352,1353,,cs
1353,1354,(aktivní),cs
1354,1355,,cs
1355,1356,(aktivní),cs
1356,1357,,cs
1357,1358,,cs
1358,1359,,cs
1359,1360,,cs
1360,1361,,cs
1361,1362,,cs
1362,1363,,cs
1363,1364,,cs
1364,1365,,cs
1365,1366,,cs
1366,1367,,cs
1367,1368,(pasivní),cs
1368,1369,,cs
1369,1370,(pasivní),cs
1370,1371,,cs
1371,1372,,cs
1372,1373,,cs
1373,1374,,cs
1374,1375,,cs
1375,1376,,cs
1376,1377,(pasivní),cs
1377,1378,(pasivní),cs
1378,1379,,cs
1379,1380,(pasivní),cs
1380,1381,,cs
1381,1382,,cs
1382,1383,,cs
1383,1384,(pasivní),cs
1384,1385,(pasivní),cs
1385,1386,,cs
1386,1387,(pasivní),cs
1387,1388,(pasivní),cs
1388,1389,,cs
1389,1390,(pasivní),cs
1390,1391,(pasivní),cs
1391,1392,,cs
1392,1393,(pasivní),cs
1393,1394,,cs
1394,1395,,cs
1395,1396,,cs
1396,1397,,cs
1397,1398,"(sestupný směr)",cs
1398,1399,"(sestupný směr)",cs
1399,1400,,cs
1400,1401,,cs
1401,1402,,cs
1402,1403,(aktivní),cs
1403,1404,,cs
1404,1405,,cs
1405,1406,,cs
1406,1407,,cs
1407,1408,,cs
1408,1409,,cs
1409,1410,,cs
1410,1411,,cs
1411,1412,,cs
1412,1413,,cs
1413,1414,,cs
1414,1415,,cs
1415,1416,,cs
1416,1417,,cs
1417,1418,,cs
1418,1419,(pasivní),cs
1419,1420,,cs
1420,1421,(pasivní),cs
1421,1422,,cs
1422,1423,,cs
1423,1424,,cs
1424,1425,,cs
1425,1426,(pasivní),cs
1426,1427,,cs
1427,1428,,cs
1428,1429,,cs
1429,1430,(pasivní),cs
1430,1431,,cs
1431,1432,"(sestupný směr)",cs
1432,1433,,cs
1433,1434,"(sestupný směr)",cs
1434,1435,(pasivní),cs
1435,1436,,cs
1436,1437,(pasivní),cs
1437,1438,,cs
1438,1439,"(sestupný směr)",cs
1439,1440,,cs
1440,1441,,cs
1441,1442,,cs
1442,1443,,cs
1443,1444,,cs
1444,1445,(pasivní),cs
1445,1446,,cs
1446,1447,(pasivní),cs
1447,1448,(pasivní),cs
1448,1449,,cs
1449,1450,(pasivní),cs
1450,1451,(pasivní),cs
1451,1452,,cs
1452,1453,(pasivní),cs
1453,1454,(pasivní),cs
1454,1455,(pasivní),cs
1455,1456,,cs
1456,1457,,cs
1457,1458,,cs
1458,1459,,cs
1459,1460,,cs
1460,1461,,cs
1461,1462,(pasivní),cs
1462,1463,,cs
1463,1464,(pasivní),cs
1464,1465,(pasivní),cs
1465,1466,,cs
1466,1467,(pasivní),cs
1467,1468,,cs
1468,1469,"(vzestupný směr)",cs
1469,1470,,cs
1470,1471,,cs
1471,1472,,cs
1472,1473,"(vzestupný směr)",cs
1473,1474,,cs
1474,1475,,cs
1475,1476,(pasivní),cs
1476,1477,(pasivní),cs
1477,1478,,cs
1478,1479,(pasivní),cs
1479,1480,,cs
1480,1481,,cs
1481,1482,,cs
1482,1483,,cs
1483,1484,"(sestupný směr)",cs
1484,1485,,cs
1485,1486,,cs
1486,1487,(pasivní),cs
1487,1488,"(sestupný směr)",cs
1488,1489,(pasivní),cs
1489,1490,(aktivní),cs
1490,1491,(aktivní),cs
1491,1492,,cs
1492,1493,"(sestupný směr)",cs
1493,1494,,cs
1494,1495,,cs
1495,1496,,cs
1496,1497,,cs
1497,1498,,cs
1498,1499,,cs
1499,1500,,cs
1500,1501,,cs
1501,1502,,cs
1502,1503,,cs
1503,1504,,cs
1504,1505,,cs
1505,1506,,cs
1506,1507,,cs
1507,1508,(pasivní),cs
1508,1509,,cs
1509,1510,(pasivní),cs
1510,1511,,cs
1511,1512,,cs
1512,1513,"(vzestupný směr)",cs
1513,1514,,cs
1514,1515,,cs
1515,1516,,cs
1516,1517,,cs
1517,1518,"(vzestupný směr)",cs
1518,1519,,cs
1519,1520,,cs
1520,1521,,cs
2048,591,,en
2049,589,,en
2050,590,,en
2051,588,,en
2052,578,,en
2053,579,,en
2054,580,,en
2055,581,"Additional allocation according 5.291A",en
2056,582,,en
2059,585,"except Aeronautical Mobile.",en
2063,568,,en
2064,436,,en
2066,706,,en
2067,707,,en
2070,626,"except aeronautical mobile",en
2071,627,,en
2072,628,,en
2073,629,,en
2075,431,,en
2077,433,,en
2078,434,,en
2079,435,,en
2081,439,,en
2082,440,,en
2087,448,,en
2088,449,,en
2093,451,,en
2094,452,,en
2096,454,,en
2098,456,,en
2099,457,,en
2101,459,"In accordance with 5.227 also allocated to the land mobile service on a primary basis",en
2103,461,,en
2105,463,,en
2107,467,,en
2109,469,,en
2111,471,,en
2112,472,,en
2115,475,,en
2119,479,,en
2121,481,,en
2122,1119,,en
2123,1120,(Earth-to-space),en
2124,1121,(space-to-Earth),en
2125,1122,,en
2126,1123,"(space-to-Earth), Additional allocation in accordance with FN 5.538 of RR",en
2127,1124,"(space-to-Earth), Additional allocation in accordance with RR 5.540.",en
2128,1125,,en
2129,1126,(Earth-to-space),en
2130,1127,(Earth-to-space),en
2131,1128,"(space-to-Earth), Additional allocation in accordance with RR 5.540.",en
2132,1129,,en
2133,1130,(Earth-to-space),en
2134,1131,(Earth-to-space),en
2135,1132,"(space-to-Earth), Additional allocation in accordance with RR 5.540.",en
2136,1145,,en
2137,1146,,en
2138,1147,,en
2139,1156,,en
2140,1157,,en
2141,1158,"(deep space) (space-to-Earth)",en
2142,1159,,en
2143,1160,,en
2144,1161,"(deep space) (space-to-Earth)",en
2145,1162,,en
2146,1163,,en
2147,1164,,en
2148,1165,,en
2149,1166,,en
2150,1133,(Earth-to-space),en
2151,1134,(Earth-to-space),en
2152,1135,(Earth-to-space),en
2153,1136,"(space-to-Earth), Additional allocation in accordance with RR 5.540.",en
2154,1137,(Earth-to-space),en
2155,1138,(Earth-to-space),en
2156,1139,(Earth-to-space),en
2157,1140,"(space-to-Earth), Additional allocation in accordance with RR 5.540.",en
2158,1141,"(space-to-Earth), Additional allocation in accordance with RR 5.538",en
2159,1142,(Earth-to-space),en
2160,1143,(Earth-to-space),en
2162,1151,(passive),en
2163,1152,,en
2164,1153,(passive),en
2165,1154,,en
2166,1155,"except aeronautical mobile",en
2167,1148,(passive),en
2168,1149,,en
2169,1150,(passive),en
2170,698,,en
2171,699,(space-to-Earth),en
2172,700,"except aeronautical mobile",en
2173,701,,en
2174,702,,en
2175,703,,en
2176,704,,en
2177,705,,en
2178,708,,en
2179,709,,en
2180,710,,en
2181,711,,en
2182,712,,en
2183,713,,en
2184,724,,en
2185,725,,en
2186,726,,en
2187,727,,en
2188,728,,en
2189,714,,en
2190,715,,en
2191,716,,en
2192,717,,en
2193,718,,en
2194,729,,en
2195,730,,en
2196,731,,en
2197,719,,en
2198,720,,en
2199,721,,en
2200,722,,en
2201,723,,en
2202,732,,en
2203,733,,en
2204,734,,en
2205,735,,en
2206,736,,en
2207,737,,en
2208,738,"except aeronautical mobile",en
2209,739,,en
2210,740,,en
2211,741,,en
2212,742,,en
2213,743,,en
2214,744,,en
2215,745,,en
2216,746,,en
2217,747,,en
2218,748,,en
2219,749,,en
2220,750,,en
2221,751,"except aeronautical mobile",en
2222,752,,en
2223,753,"except aeronautical mobile",en
2224,754,(passive),en
2225,755,(passive),en
2226,756,,en
2227,757,"except aeronautical mobile",en
2228,758,(passive),en
2229,759,,en
2230,760,(passive),en
2231,761,,en
2232,762,"except aeronautical mobile",en
2234,764,,en
2244,766,(passive),en
2245,767,,en
2246,768,(passive),en
2247,464,"except aeronautical mobile",en
2248,465,,en
2250,777,,en
2251,778,(space-to-Earth),en
2252,779,,en
2253,780,,en
2254,781,,en
2255,782,,en
2256,783,(space-to-Earth),en
2257,1194,,en
2258,1195,"(space-to Earth)",en
2259,1196,,en
2260,1197,(space-to-Earth),en
2261,1198,(space-to-Earth),en
2263,1200,,en
2264,1201,(space-to-Earth),en
2265,1202,,en
2266,1203,(space-to-Earth),en
2267,1204,(Earth-to-space),en
2268,1205,(space-to-Earth),en
2269,1206,,en
2271,1208,,en
2272,1209,,en
2273,1210,,en
2275,1212,,en
2276,1213,,en
2277,1214,,en
2278,1215,(Earth-to-space),en
2279,1216,"except aeronautical mobile",en
2280,1217,,en
2281,484,,en
2282,485,,en
2284,489,,en
2286,491,,en
2288,487,,en
2290,493,,en
2292,495,,en
2294,497,,en
2296,499,,en
2298,501,,en
2300,503,,en
2302,505,,en
2304,508,,en
2305,482,,en
2306,483,,en
2307,509,,en
2308,510,,en
2310,512,,en
2312,514,,en
2313,515,,en
2314,516,,en
2316,518,,en
2317,506,,en
2318,392,(OR),en
2319,393,(space-to-Earth),en
2321,395,(space-to-Earth),en
2322,396,(space-to-Earth),en
2323,397,(space-to-Earth),en
2324,398,(OR),en
2325,399,(space-to-Earth),en
2327,401,(space-to-Earth),en
2328,402,(space-to-Earth),en
2329,403,"except aeronautical mobile (R)",en
2330,404,(space-to-Earth),en
2331,405,(OR),en
2332,406,(space-to-Earth),en
2334,408,(space-to-Earth),en
2335,409,(space-to-Earth),en
2336,410,"except aeronautical mobile (R)",en
2337,411,(space-to-Earth),en
2338,412,(OR),en
2339,413,(space-to-Earth),en
2341,415,(space-to-Earth),en
2342,416,(space-to-Earth),en
2343,417,"except aeronautical mobile (R)",en
2344,418,(space-to-Earth),en
2345,419,(OR),en
2346,420,,en
2347,421,"(space-to-Earth). Additional allocation in accordance with 5.210.",en
2348,422,(OR),en
2349,423,,en
2350,424,(space-to-Earth),en
2351,425,(OR),en
2352,426,,en
2353,427,"(space-to-Earth). Additional allocation in accordance with 5.210.",en
2354,428,,en
2355,429,,en
2356,385,,en
2357,387,,en
2358,386,,en
2361,390,,en
2363,853,,en
2364,854,(Earth-to-space),en
2365,855,,en
2366,856,"(Earth-to space)",en
2367,857,,en
2368,858,"(Earth-to-space), (space-to-Earth)",en
2371,861,,en
2372,862,,en
2373,863,,en
2374,864,,en
2375,865,,en
2376,866,,en
2377,867,(space-to-Earth),en
2378,868,(space-to-Earth),en
2383,873,,en
2384,874,(space-to-Earth),en
2385,875,"(space-to Earth)",en
2386,876,"except aeronautical mobile",en
2387,877,,en
2388,878,(space-to-Earth),en
2389,879,"except aeronautical mobile",en
2390,886,,en
2391,887,(Earth-to-space),en
2392,888,,en
2393,889,"(Earth-to-space). Additional allocation in accordance with FN 5.461 of RR.",en
2395,919,,en
2396,920,,en
2397,923,,en
2398,924,,en
2399,925,,en
2400,926,,en
2401,927,,en
2402,928,(active),en
2403,929,(active),en
2404,930,,en
2405,931,,en
2406,932,,en
2407,933,(active),en
2408,934,(active),en
2409,935,,en
2410,936,(active),en
2411,937,(active),en
2412,891,,en
2413,892,,en
2414,893,(Earth-to-space),en
2415,894,,en
2416,895,(space-to-Earth),en
2417,896,,en
2418,897,(Earth-to-space),en
2419,898,,en
2420,899,,en
2421,900,(space-to-Earth),en
2422,901,,en
2423,902,"(Earth-to space)",en
2424,903,,en
2425,880,,en
2426,881,,en
2427,882,,en
2428,904,,en
2429,905,"except aeronautical mobile",en
2430,906,(space-to-Earth),en
2431,911,(active),en
2432,912,,en
2433,913,,en
2434,914,"Additional allocation in accordance with FN 5.469 of RR",en
2435,915,(active),en
2439,907,,en
2440,908,"additional allocation in accordance with FN 5.469 of RR",en
2441,909,,en
2442,910,"Additional allocation in accordance with FN 5.469 of RR.",en
2443,916,,en
2444,917,,en
2445,918,"Additional allocation in accordance with FN 5.469 of RR",en
2446,921,,en
2447,922,,en
2448,938,,en
2449,939,"Additional allocation in accordance with FN 5.479 of RR.",en
2450,977,(space-to-Earth),en
2451,978,,en
2452,979,(Earth-to-space),en
2453,980,"(deep space) (space-to-Earth)",en
2454,988,(Earth-to-space),en
2455,989,,en
2456,990,,en
2458,992,,en
2459,993,(Earth-to-space),en
2460,994,(Earth-to-space),en
2461,995,,en
2462,996,(Earth-to-space),en
2463,997,,en
2464,998,,en
2466,1000,(Earth-to-space),en
2467,1001,,en
2468,1002,,en
2470,1004,(Earth-to-space),en
2471,1005,,en
2472,1006,(space-to-Earth),en
2474,1008,(Earth-to-space),en
2475,1009,,en
2476,1010,,en
2477,981,,en
2478,982,(active),en
2479,983,(active),en
2480,984,(active),en
2481,985,,en
2482,986,,en
2484,1178,(passive),en
2485,1179,,en
2486,1180,,en
2487,1181,(passive),en
2488,1116,,en
2489,1117,,en
2490,1118,,en
2491,1240,,en
2492,1241,(Earth-to-space),en
2493,1242,,en
2494,1243,"Additional allocation in accordance with 5.555",en
2495,1438,,en
2496,1439,(space-to-Earth),en
2497,1440,,en
2498,1441,,en
2499,1456,,en
2500,1457,,en
2501,1458,,en
2502,1459,,en
2503,1460,,en
2504,1461,,en
2505,1020,(passive),en
2506,1021,,en
2507,1022,(passive),en
2508,1023,,en
2509,1024,(Earth-to-space),en
2510,1025,,en
2511,1026,,en
2512,1018,,en
2513,1019,,en
2514,1027,,en
2515,1028,,en
2516,1029,"(deep space) (Earth-to-space)",en
2517,1030,,en
2518,1031,,en
2519,1032,,en
2520,1033,,en
2521,1034,,en
2522,1035,,en
2523,1036,,en
2524,1037,(Earth-to-space),en
2525,1038,(Space-to-Earth),en
2526,1039,,en
2527,1040,,en
2528,1041,,en
2529,1042,(Earth-to-space),en
2530,1043,,en
2531,1044,,en
2532,1045,,en
2533,1046,,en
2535,1048,,en
2536,1049,,en
2537,1050,,en
2538,1051,,en
2539,1052,,en
2540,1053,,en
2541,1054,,en
2542,1055,,en
2543,1056,,en
2544,1057,,en
2545,1058,(space-to-Earth),en
2546,1059,(space-to-Earth),en
2547,1060,(space-to-Earth),en
2548,1061,,en
2549,1062,(space-to-Earth),en
2550,1063,(space-to-Earth),en
2551,789,,en
2552,790,(space-to-Earth),en
2553,791,,en
2554,792,,en
2555,793,,en
2556,794,,en
2557,795,,en
2558,796,"except aeronautical mobile",en
2559,797,,en
2560,798,,en
2561,799,(Earth-to-space),en
2562,800,(passive),en
2563,801,,en
2564,802,,en
2565,803,,en
2566,804,,en
2568,806,,en
2569,807,,en
2570,808,,en
2571,809,,en
2572,810,(Earth-to-space),en
2573,811,,en
2574,812,,en
2575,813,,en
2576,814,,en
2577,815,,en
2578,816,,en
2579,817,,en
2580,818,,en
2581,819,,en
2582,820,,en
2583,821,,en
2584,822,,en
2585,823,,en
2586,824,,en
2587,825,,en
2588,826,,en
2589,827,,en
2590,828,,en
2591,829,,en
2592,830,,en
2593,831,,en
2594,832,,en
2595,833,,en
2596,834,,en
2597,835,,en
2598,836,,en
2599,837,,en
2600,838,,en
2601,839,,en
2603,841,(Earth-to-space),en
2604,842,,en
2605,843,,en
2606,844,,en
2607,845,,en
2608,846,,en
2609,847,,en
2610,848,"(space-to Earth)",en
2611,849,,en
2612,850,,en
2613,851,,en
2614,852,,en
2615,940,,en
2616,941,,en
2617,942,,en
2618,943,,en
2619,944,,en
2620,945,,en
2621,946,,en
2622,947,,en
2623,948,,en
2624,949,,en
2625,950,,en
2626,951,,en
2627,952,,en
2628,953,,en
2629,954,,en
2630,955,,en
2631,956,,en
2632,957,,en
2633,958,"except aeronautical mobile",en
2634,959,,en
2635,960,(passive),en
2636,961,,en
2637,962,"except aeronautical mobile",en
2638,963,,en
2639,964,(passive),en
2640,965,,en
2641,969,,en
2642,970,"(space-to-Earth) 5.441 (Earth-to-space) 5.484",en
2643,971,"except aeronautical mobile",en
2644,972,,en
2646,974,,en
2647,975,"except aeronautical mobile",en
2648,976,"(space-to-Earth). Additional allocation in accordance with FN 5.487A of RR.",en
2649,966,(passive),en
2650,967,,en
2651,968,(passive),en
2652,1064,(passive),en
2653,1065,,en
2654,1066,,en
2655,1067,(passive),en
2656,618,(passive),en
2657,619,,en
2658,620,(passive),en
2659,621,(Earth-to-space),en
2660,622,,en
2661,623,"except aeronautical mobile",en
2662,624,,en
2663,625,"except aeronautical mobile",en
2664,630,,en
2665,631,"except aeronautical mobile",en
2666,632,,en
2667,633,"except aeronautical mobile",en
2668,634,(space-to-Earth),en
2669,635,(space-to-Earth),en
2670,636,,en
2671,637,space-to-Earth),en
2672,638,,en
2673,639,"except aeronautical mobile",en
2674,640,(space-to-Earth),en
2675,641,(space-to-Earth),en
2676,642,,en
2677,643,,en
2678,644,"except aeronautical mobile",en
2679,645,(space-to-Earth),en
2680,646,(space-to-Earth),en
2681,647,(space-to-Earth),en
2682,648,(space-to-Earth),en
2683,649,,en
2684,650,"(space-to-Earth) (space-to-space)",en
2685,651,"(R). Additional allocation in accordance with 5.367",en
2686,652,(Earth-to-space),en
2687,653,,en
2688,654,"(Earth-to-space). Additional allocation in accordance with 5.371.",en
2689,655,"(R). Additional allocation in accordance with 5.367",en
2690,656,(Earth-to-space),en
2691,657,,en
2692,658,,en
2693,659,"(Earth-to-space). Additional allocation in accordance with 5.371.",en
2694,660,"(R). Additional allocation in accordance with 5.367",en
2695,661,(Earth-to-space),en
2696,662,,en
2697,663,(space-to-Earth),en
2698,664,(Earth-to-space),en
2699,665,(Earth-to-space),en
2700,666,(Earth-to-space),en
2701,667,(Earth-to-space),en
2702,668,(Earth-to-space),en
2703,669,(Earth-to-space),en
2704,670,,en
2705,671,,en
2706,672,(passive),en
2707,673,,en
2708,674,"except aeronautical mobile",en
2709,675,,en
2710,676,,en
2711,677,,en
2712,678,,en
2713,679,"except aeronautical mobile",en
2714,680,,en
2715,681,,en
2716,682,"except aeronautical mobile",en
2717,683,(Earth-to-space),en
2718,684,,en
2719,685,,en
2720,686,(space-to-Earth),en
2721,687,,en
2722,688,,en
2723,689,,en
2724,690,,en
2725,691,,en
2726,692,(space-to-Earth),en
2727,693,"except aeronautical mobile",en
2728,694,,en
2729,695,(space-to-Earth),en
2730,696,,en
2731,697,"except aeronautical mobile",en
2732,592,,en
2733,593,,en
2734,594,,en
2735,595,,en
2736,596,,en
2737,597,,en
2738,598,"(space-to-Earth) (space-to-space)",en
2739,599,,en
2740,600,(active),en
2741,601,,en
2742,602,"(space-to-Earth) (space-to-space)",en
2743,603,(active),en
2744,604,(active),en
2745,605,,en
2746,606,"(space-to-Earth) (space-to-space)",en
2747,607,(active),en
2748,608,,en
2749,609,,en
2750,610,,en
2751,611,(Earth-to-space),en
2752,612,,en
2753,613,,en
2754,614,,en
2756,616,(passive),en
2757,617,(passive),en
2758,1011,,en
2759,1012,,en
2760,1013,,en
2761,1014,,en
2762,1015,,en
2763,1016,,en
2764,1017,,en
2765,786,,en
2766,787,,en
2767,788,,en
2768,1068,,en
2769,1069,,en
2770,1070,,en
2771,1071,"except aeronautical mobile",en
2772,1072,(passive),en
2773,1073,,en
2774,1074,"except aeronautical mobile",en
2775,1075,,en
2776,1076,(passive),en
2777,1077,,en
2778,1078,,en
2779,1079,,en
2780,1080,,en
2781,1081,,en
2782,1082,,en
2783,1083,,en
2784,1084,(passive),en
2785,1085,,en
2786,1086,(passive),en
2787,1087,,en
2788,1088,,en
2789,1089,,en
2790,1090,,en
2791,1091,(active),en
2792,1092,,en
2793,1093,,en
2794,1094,,en
2795,1095,,en
2796,1096,,en
2797,1097,,en
2798,1098,,en
2799,1099,,en
2800,1100,,en
2801,1101,,en
2802,1102,,en
2804,1104,,en
2805,1105,,en
2806,1106,,en
2807,1107,,en
2808,1108,,en
2810,1110,,en
2811,1111,,en
2812,1112,,en
2813,1113,,en
2814,1114,,en
2816,784,,en
2817,785,(space-to-Earth),en
2818,769,,en
2819,770,,en
2820,771,,en
2821,772,,en
2822,773,,en
2823,774,,en
2824,775,,en
2825,776,,en
2826,560,,en
2827,561,,en
2828,562,,en
2829,563,,en
2830,564,,en
2832,332,,en
2833,299,,en
2834,300,,en
2837,361,,en
2838,362,,en
2839,1268,,en
2840,1269,,en
2841,1270,,en
2842,1271,,en
2843,1272,,en
2844,1273,,en
2845,1274,,en
2846,1275,,en
2847,1276,,en
2848,1277,,en
2849,1278,,en
2850,1279,,en
2851,1280,,en
2852,1281,,en
2853,1282,,en
2854,1283,,en
2855,1284,,en
2856,1285,,en
2857,1286,,en
2858,1287,,en
2859,1288,,en
2860,1289,,en
2861,1290,,en
2862,1291,,en
2863,1292,,en
2864,1391,,en
2865,1392,,en
2866,1393,,en
2867,1394,,en
2868,1395,,en
2869,1396,,en
2870,1397,,en
2871,1501,,en
2872,1502,,en
2873,1503,,en
2874,1504,,en
2875,166,,en
2876,167,,en
2877,295,,en
2878,171,,en
2879,172,,en
2880,173,,en
2881,174,,en
2882,175,,en
2883,176,,en
2884,177,,en
2885,60,,en
2886,61,,en
2887,62,,en
2888,63,,en
2889,64,,en
2890,65,,en
2893,68,,en
2894,69,,en
2895,70,,en
2896,71,,en
2897,72,,en
2898,73,,en
2899,74,,en
2900,75,,en
2903,78,,en
2904,79,,en
2905,80,,en
2906,81,,en
2907,82,,en
2908,83,,en
2909,84,,en
2910,85,,en
2911,86,,en
2912,87,,en
2913,88,,en
2914,89,,en
2915,90,,en
2918,93,,en
2919,94,,en
2920,95,,en
2922,97,,en
2923,98,,en
2924,99,,en
2925,100,,en
2926,101,,en
2927,102,,en
2928,103,,en
2929,104,,en
2930,105,,en
2931,106,,en
2932,107,,en
2933,108,,en
2934,109,,en
2935,110,,en
2936,111,,en
2937,112,,en
2938,113,,en
2939,114,,en
2940,115,,en
2941,116,,en
2942,117,,en
2943,118,,en
2944,119,,en
2945,120,,en
2946,121,,en
2947,122,,en
2948,123,,en
2949,124,,en
2950,125,,en
2951,126,,en
2952,127,,en
2953,128,,en
2954,129,,en
2955,130,,en
2956,131,,en
2957,132,,en
2958,133,,en
2959,134,,en
2960,135,,en
2961,136,,en
2962,137,,en
2963,138,,en
2964,139,,en
2965,140,,en
2966,141,,en
2967,142,,en
2968,143,,en
2969,144,,en
2970,145,,en
2971,146,,en
2972,147,,en
2973,148,,en
2974,149,,en
2975,150,,en
2976,151,,en
2977,152,,en
2978,153,,en
2979,154,,en
2980,155,,en
2981,156,,en
2982,157,,en
2983,158,,en
2984,159,,en
2985,160,,en
2986,161,,en
2987,162,,en
2988,163,,en
2989,164,,en
2990,165,,en
2991,168,,en
2992,169,,en
2993,170,,en
2994,178,,en
2995,179,,en
2996,303,,en
2997,304,,en
2998,305,,en
2999,306,,en
3000,307,,en
3002,309,,en
3006,313,,en
3009,316,,en
3011,318,,en
3013,320,,en
3015,322,,en
3016,323,,en
3018,325,,en
3020,327,,en
3022,329,,en
3023,330,,en
3025,334,,en
3026,335,,en
3028,337,,en
3030,339,,en
3034,343,,en
3035,344,,en
3036,345,,en
3037,346,"Additional allocation in accordance with FN 5.162A of RR.",en
3039,348,,en
3041,350,,en
3043,352,,en
3044,353,,en
3046,355,,en
3048,357,,en
3049,358,,en
3050,283,,en
3051,284,,en
3052,363,,en
3053,364,,en
3054,214,,en
3055,215,,en
3056,301,,en
3057,302,"except aeronautical mobile",en
3058,216,,en
3059,217,,en
3060,297,,en
3061,298,"except aeronautical mobile",en
3064,53,,en
3065,54,,en
3066,58,,en
3067,59,,en
3068,182,,en
3069,210,,en
3070,211,,en
3071,242,,en
3072,243,,en
3073,55,,en
3074,56,,en
3075,262,,en
3076,275,,en
3077,296,,en
3080,527,,en
3081,528,,en
3082,529,,en
3083,530,,en
3086,533,,en
3087,534,,en
3088,535,,en
3090,537,,en
3091,538,,en
3094,541,,en
3096,543,,en
3097,557,,en
3098,558,,en
3099,559,,en
3101,546,,en
3102,547,,en
3104,570,,en
3105,571,,en
3106,572,,en
3107,576,,en
3109,573,,en
3110,574,,en
3111,575,,en
3113,549,,en
3114,550,,en
3116,555,,en
3117,556,,en
3119,552,,en
3120,553,,en
3121,522,,en
3122,523,,en
3123,524,,en
3124,525,,en
3125,526,,en
3126,519,,en
3127,544,,en
3128,521,,en
3129,565,,en
3130,566,,en
3131,1527,,cs
3132,1527,,en
3134,366,,en
3135,367,,en
3137,369,,en
3139,371,,en
3141,373,"except aeronautical mobile",en
3143,375,"except aeronautical mobile",en
3145,377,"except aeronautical mobile",en
3146,378,,en
3148,380,,en
3150,382,,en
3152,384,,en
3153,1255,(passive),en
3154,1256,(passive),en
3155,1259,(passive),en
3156,1260,,en
3157,1261,,en
3158,1262,(passive),en
3160,1264,(passive),en
3161,1265,,en
3162,1266,,en
3163,1267,(passive),en
3164,1306,,en
3165,1307,(space-to-Earth),en
3166,1308,,en
3167,1309,(space-to-Earth),en
3168,1310,,en
3169,1311,,en
3170,1312,,en
3171,1313,,en
3172,1314,,en
3173,1315,,en
3174,1335,,en
3175,1336,,en
3176,1337,,en
3177,1338,,en
3178,1339,,en
3179,1340,,en
3180,1341,,en
3181,1342,,en
3182,1343,,en
3183,1344,,en
3184,1345,,en
3185,1346,,en
3186,1293,,en
3187,1294,,en
3188,1295,,en
3189,1350,,en
3190,1351,,en
3191,1352,,en
3192,1353,,en
3193,1358,,en
3194,1359,,en
3195,1360,,en
3196,1361,,en
3197,1362,,en
3198,1363,,en
3199,1364,,en
3200,1365,,en
3201,1366,,en
3202,1367,,en
3203,1301,,en
3204,1302,,en
3205,1303,,en
3206,1304,,en
3207,1305,,en
3208,1316,,en
3209,1317,,en
3210,1318,,en
3211,1319,,en
3212,1320,,en
3213,1325,,en
3214,1326,,en
3215,1327,,en
3216,1328,,en
3217,1329,,en
3218,1368,(passive),en
3219,1369,,en
3220,1370,(passive),en
3221,1371,,en
3222,1372,,en
3223,1373,,en
3224,1354,(active),en
3225,1355,,en
3226,1356,(active),en
3227,1357,,en
3228,1296,,en
3229,1297,,en
3230,1298,,en
3231,1299,,en
3232,1300,,en
3233,1321,,en
3234,1322,,en
3235,1323,,en
3236,1324,,en
3237,1330,,en
3238,1331,,en
3239,1332,,en
3240,1333,,en
3241,1334,,en
3242,1347,(passive),en
3243,1348,,en
3244,1349,(passive),en
3245,1253,,en
3246,1254,,en
3249,49,,en
3250,50,,en
3251,51,,en
3252,52,,en
3253,8,,en
3254,7,,en
3259,1530,,cs
3260,1530,,en
3261,2,,en
3262,3,,en
3263,4,,en
3264,5,,en
3269,12,,en
3270,13,,en
3271,14,,en
3272,15,,en
3273,16,,en
3276,17,,en
3277,18,,en
3278,19,,en
3285,26,,en
3286,27,,en
3287,28,,en
3302,57,,en
3307,1533,,cs
3308,1533,,en
3309,1534,,cs
3310,1534,,en
3311,1535,,cs
3312,1535,,en
3313,1536,,cs
3314,1536,,en
3315,181,,en
3316,180,,en
3317,183,,en
3318,184,,en
3319,185,,en
3320,187,,en
3321,186,,en
3322,188,,en
3323,189,,en
3324,190,,en
3325,191,,en
3326,192,,en
3327,194,,en
3328,193,,en
3329,195,,en
3330,196,,en
3331,197,,en
3332,198,,en
3333,199,,en
3334,200,,en
3335,201,,en
3336,202,,en
3337,204,,en
3338,203,,en
3339,205,,en
3340,206,,en
3341,208,,en
3342,207,,en
3343,209,,en
3344,212,,en
3345,213,,en
3346,219,,en
3347,218,,en
3348,220,,en
3349,222,,en
3350,221,,en
3351,224,,en
3352,223,,en
3353,225,,en
3354,226,,en
3355,227,,en
3356,228,,en
3357,229,,en
3358,230,,en
3359,231,,en
3360,232,,en
3361,233,,en
3362,234,,en
3363,235,,en
3364,236,,en
3365,237,,en
3366,238,,en
3367,240,,en
3368,239,,en
3369,241,,en
3370,244,,en
3371,246,,en
3372,245,"Additional allocation in accordance with 5.146.",en
3373,247,,en
3374,248,,en
3375,249,(R),en
3376,250,(OR),en
3377,251,,en
3378,253,,en
3379,252,,en
3380,254,,en
3381,255,,en
3382,256,,en
3383,257,"except aeronautical mobile",en
3384,258,,en
3385,260,,en
3386,259,"Additional allocation in accordance with 5.146.",en
3387,261,,en
3388,1537,,cs
3389,1537,,en
3390,1538,,cs
3391,1538,,en
3392,1539,,cs
3393,1539,,en
3394,1540,,cs
3395,1540,,en
3396,1541,(radiomajáky),cs
3397,1541,,en
3398,1542,,cs
3399,1542,,en
3400,1543,,cs
3401,1543,,en
3402,1544,,cs
3403,1544,,en
3404,1545,,cs
3405,1545,,en
3406,1546,,cs
3407,1546,,en
3408,1547,,cs
3409,1547,,en
3410,1548,,cs
3411,1548,,en
3412,1549,,cs
3413,1549,,en
3414,1550,,cs
3415,1550,,en
3416,1551,,cs
3417,1551,,en
3418,1552,,cs
3419,1552,,en
3420,1553,,cs
3421,1553,,en
3422,1554,,cs
3423,1554,,en
3424,1555,,cs
3425,1555,,en
3426,1556,,cs
3427,1556,,en
3428,1557,,cs
3429,1557,,en
3430,1558,,cs
3431,1558,,en
3432,263,,en
3433,264,,en
3434,265,,en
3435,266,,en
3436,267,,en
3437,268,,en
3438,269,,en
3439,270,,en
3440,271,,en
3441,272,,en
3442,273,,en
3443,274,,en
3444,276,,en
3445,277,,en
3446,278,"except aeronautical mobile (R)",en
3447,280,(OR),en
3448,279,,en
3449,282,"except aeronautical mobile",en
3450,281,,en
3451,285,,en
3452,286,,en
3453,287,,en
3454,288,,en
3455,290,"except aeronautical mobile",en
3456,289,,en
3457,291,,en
3458,293,"except aeronautical mobile",en
3459,292,,en
3460,294,,en
3461,1167,,en
3462,1168,,en
3463,1169,"(deep space) (Earth-to-space)",en
3464,1170,,en
3465,1171,,en
3466,1172,,en
3467,1173,,en
3468,1174,,en
3469,1175,(active),en
3470,1176,,en
3471,1177,(active),en
3472,1182,,en
3473,1183,(space-to-Earth),en
3474,1184,"except aeronautical mobile",en
3475,1185,,en
3476,1186,(space-to-Earth),en
3477,1187,(space-to-Earth),en
3478,1188,(space-to-Earth),en
3479,1189,"except aeronautical mobile",en
3480,1190,,en
3481,1191,(space-to-Earth),en
3482,1192,(space-to-Earth),en
3483,1193,"except aeronautical mobile",en
3484,1218,,en
3485,1219,,en
3486,1220,,en
3487,1221,,en
3488,1222,,en
3489,1223,,en
3490,1226,,en
3491,1228,,en
3492,1227,(Earth-to-space),en
3493,1233,,en
3494,1234,(Earth-to-space),en
3495,1235,,en
3496,1236,,en
3497,1238,(space-to-Earth),en
3498,1237,,en
3499,1239,,en
3500,1244,,en
3501,1246,(space-to-Earth),en
3502,1245,(Earth-to-space),en
3503,1247,,en
3504,1250,,en
3505,1251,(Earth-to-space),en
3506,1252,(Earth-to-space),en
3507,1398,(space-to-Earth),en
3508,1399,(space-to-Earth),en
3509,1400,,en
3510,1401,,en
3511,1402,,en
3512,1408,,en
3513,1409,,en
3514,1410,,en
3515,1411,,en
3516,1412,,en
3517,1413,,en
3518,1414,,en
3519,1492,,en
3520,1493,(space-to-Earth),en
3521,1494,,en
3522,1495,,en
3523,1496,,en
3524,1497,,en
3525,1521,,en
3526,1517,,en
3527,1518,(Earth-to-space),en
3528,1519,,en
3529,1520,,en
3530,1511,,en
3531,1512,,en
3532,1513,(Earth-to-space),en
3533,1514,,en
3534,1515,,en
3535,1516,,en
3536,1508,(passive),en
3537,1509,,en
3538,1510,(passive),en
3539,1505,,en
3540,1506,,en
3541,1507,,en
3542,1487,(passive),en
3543,1488,(space-to-Earth),en
3544,1489,(passive),en
3545,1490,(active),en
3546,1491,(active),en
3547,1477,(passive),en
3548,1478,,en
3549,1479,(passive),en
3550,1472,,en
3551,1473,(Earth-to-space),en
3552,1474,,en
3553,1475,,en
3554,1476,(passive),en
3555,1468,,en
3556,1469,(Earth-to-space),en
3557,1470,,en
3558,1471,,en
3559,1465,(passive),en
3560,1466,,en
3561,1467,(passive),en
3562,1462,(passive),en
3563,1463,,en
3564,1464,(passive),en
3565,1454,(passive),en
3566,1455,(passive),en
3567,1451,(passive),en
3568,1452,,en
3569,1453,(passive),en
3570,1448,(passive),en
3571,1449,,en
3572,1450,(passive),en
3573,1445,(passive),en
3574,1446,,en
3575,1447,(passive),en
3576,1435,(passive),en
3577,1436,,en
3578,1437,(passive),en
3579,1559,"kromě letecké pohyblivé",cs
3580,1559,"except Aeronautical Mobile",en
3581,1560,"kromě letecké pohyblivé",cs
3582,1560,"except aeronautical mobile",en
3595,1567,"(vzestupný směr)",cs
3596,1567,(Earth-to-space),en
3597,1568,"(vzestupný směr)",cs
3598,1568,(Earth-to-space),en
3599,1569,(aktivní),cs
3600,1569,(active),en
3601,1570,(aktivní),cs
3602,1570,(active),en
3621,1580,,cs
3622,1580,,en
3623,1581,,cs
3624,1581,,en
3625,1582,"(sestupný směr)",cs
3626,1582,(space-to-Earth),en
3627,1583,"(sestupný směr)",cs
3628,1583,(space-to-Earth),en
3629,1584,,cs
3630,1584,,en
3631,1585,,cs
3632,1585,,en
3647,1593,"kromě letecké pohyblivé (R)",cs
3648,1593,"except aeronautical mobile (R)",en
3659,1599,"(vzestupný směr)",cs
3660,1599,(Earth-to-space),en
3661,1600,"(vzestupný směr)",cs
3662,1600,(Earth-to-space),en
3663,1601,"(vzestupný směr)",cs
3664,1601,(Earth-to-space),en
3667,1603,,cs
3668,1603,,en
3669,1604,,cs
3670,1604,,en
3671,1605,,cs
3672,1605,,en
3673,1606,(pasivní),cs
3674,1606,(passive),en
3675,1607,(pasivní),cs
3676,1607,(passive),en
3677,1608,,cs
3678,1608,,en
3679,1609,,cs
3680,1609,,en
3681,1610,,cs
3682,1610,,en
3683,1611,,cs
3684,1611,,en
3685,1612,"(vzestupný směr)",cs
3686,1612,"(Earth -to-space)",en
3687,1613,(R),cs
3688,1613,(R),en
3689,1614,(R),cs
3690,1614,(R),en
3691,1615,(R),cs
3692,1615,(R),en
3693,1616,(R),cs
3694,1616,(R),en
3695,1617,(R),cs
3696,1617,(R),en
3697,1618,(R),cs
3698,1618,(R),en
3699,1619,(aktivní),cs
3700,1619,(active),en
3707,1623,,cs
3708,1623,,en
3709,1624,"(sestupný směr) 5.441 (vzestupný směr) 5.484",cs
3710,1624,"(space-to-Earth) 5.441 (Earth-to-space) 5.484",en
3711,1625,"kromě letecké pohyblivé",cs
3712,1625,"except aeronautical mobile",en
3727,1633,"(sestupný směr)",cs
3728,1633,(space-to-Earth),en
3729,1634,,cs
3730,1634,,en
3731,1635,,cs
3732,1635,,en
3733,1636,,cs
3734,1636,,en
3735,1637,,cs
3736,1637,,en
3737,1638,,cs
3738,1638,,en
3739,1639,,cs
3740,1639,,en
3741,1640,,cs
3742,1640,,en
3743,1641,"(vzestupný směr)",cs
3744,1641,(Earth-to-space),en
3745,1642,"(vzestupný směr)",cs
3746,1642,(Earth-to-space),en
3749,1644,,cs
3750,1644,,en
3751,1229,,en
3752,1231,(space-to-Earth),en
3753,1230,(Earth-to-space),en
3754,1232,,en
3755,1248,(passive),en
3756,1249,(passive),en
3757,1257,(passive),en
3758,1258,(passive),en
3763,1647,,cs
3764,1647,,en
3765,1374,,en
3766,1375,,en
3767,1376,,en
3768,1377,(passive),en
3769,1378,(passive),en
3770,1379,,en
3771,1380,(passive),en
3772,1381,,en
3773,1382,,en
3774,1383,,en
3775,1384,(passive),en
3776,1385,(passive),en
3777,1386,,en
3778,1387,(passive),en
3779,1388,(passive),en
3780,1389,,en
3781,1390,(passive),en
3782,1403,(active),en
3783,1404,,en
3784,1405,,en
3785,1406,,en
3786,1407,,en
3787,1419,(passive),en
3788,1420,,en
3789,1421,(passive),en
3790,1426,(passive),en
3791,1427,,en
3792,1428,,en
3793,1429,,en
3794,1430,(passive),en
3795,1431,,en
3796,1432,(space-to-Earth),en
3797,1433,,en
3798,1434,(space-to-Earth),en
3799,1483,,en
3800,1484,(space-to-Earth),en
3801,1485,,en
3802,1486,,en
3803,1648,"kromě letecké pohyblivé (R)",cs
3804,1648,"except aeronautical mobile (R)",en
3805,1649,,cs
3806,1649,,en
3807,1650,,cs
3808,1650,,en
3809,1651,,cs
3810,1651,,en
3813,1653,,cs
3814,1653,,en
3815,1654,,cs
3816,1654,,en
3817,1655,,cs
3818,1655,,en
3819,1656,,cs
3820,1656,,en
3823,1658,"(tíseň a volání)",cs
3824,1658,"(distress and calling)",en
3825,1659,"(vzestupný směr)",cs
3826,1659,(Earth-to-space),en
3827,1660,,cs
3828,1660,,en
3829,1661,,cs
3830,1661,,en
3831,1662,,cs
3832,1662,,en
3833,1663,,cs
3834,1663,,en
3837,1665,(aktivní),cs
3838,1665,(active),en
3841,1667,,cs
3842,1667,,en
3843,1668,,cs
3844,1668,,en
3845,1669,,cs
3846,1669,,en
3847,1670,"(sestupný směr) 5.484A 5.484B (vzestupný směr) 5.484",cs
3848,1670,"(space-to-Earth) 5.484A 5.484B (Earth-to-space) 5.484",en
3849,1671,"kromě letecké pohyblivé",cs
3850,1671,"except aeronautical mobile",en
3851,1672,,cs
3852,1672,,en
3853,1673,"(sestupný směr) 5.484A 5.484B (vzestupný směr) 5.484",cs
3854,1673,"(space-to-Earth) 5.441 (Earth-to-space) 5.484",en
3855,1674,"kromě letecké pohyblivé",cs
3856,1674,"except aeronautical mobile",en
3857,1675,,cs
3858,1675,,en
3859,1676,"(sestupný směr)",cs
3860,1676,,en
3861,1677,"kromě letecké pohyblivé",cs
3862,1677,"except aeronautical mobile",en
3863,1678,"(sestupný směr)",cs
3864,1678,"(space-to Earth)",en
3865,1679,,cs
3866,1679,,en
3867,1680,"(sestupný směr)",cs
3868,1680,(space-to-Earth),en
3869,1681,"(sestupný směr), doplňkové přidělení dle poznámky 5.461 Radiokomunikačního Řádu",cs
3870,1681,"(space-to Earth), additional allocation according to FN 5.461 of RR",en
3871,1682,"kromě letecké pohyblivé",cs
3872,1682,"except aeronautical mobile",en
3873,1683,,cs
3874,1683,,en
3875,1684,,cs
3876,1684,,en
3877,1685,"(daleký kosmos) (vzestupný směr)",cs
3878,1685,"(deep space) (Earth-to-space)",en
3887,1690,,cs
3888,1690,,en
3889,1691,,cs
3890,1691,,en
3891,1692,,cs
3892,1692,,en
3893,1693,,cs
3894,1693,,en
3895,1694,,cs
3896,1694,,en
3897,1695,,cs
3898,1695,,en
3899,1696,"kromě letecké pohyblivé",cs
3900,1696,"except aeronautical mobile",en
3901,1697,,cs
3902,1697,,en
3903,1698,"kromě letecké pohyblivé",cs
3904,1698,"except aeronautical mobile",en
3905,1699,,cs
3906,1699,,en
3907,1700,"kromě letecké pohyblivé",cs
3908,1700,"except aeronautical mobile",en
3909,1701,,cs
3910,1701,,en
3911,1702,,cs
3912,1702,,en
3913,1703,,cs
3914,1703,,en
3915,1704,"kromě letecké pohyblivé (R)",cs
3916,1704,"except aeronautical mobile (R)",en
3917,1705,,cs
3918,1705,,en
3919,1706,"kromě letecké pohyblivé (R)",cs
3920,1706,"except aeronautical mobile (R)",en
3921,1707,,cs
3922,1707,,en
3923,1708,,cs
3924,1708,,en
3925,1709,,cs
3926,1709,,en
3927,1710,,cs
3928,1710,,en
3929,1711,,cs
3930,1711,,en
3931,1712,,cs
3932,1712,,en
3933,1713,,cs
3934,1713,,en
3935,1714,"kromě letecké pohyblivé",cs
3936,1714,"except aeronautical mobile",en
3937,1715,,cs
3938,1715,,en
3939,1716,"kromě letecké pohyblivé",cs
3940,1716,"except aeronautical mobile",en
3941,1717,,cs
3942,1717,,en
3943,1718,,cs
3944,1718,,en
3945,1719,,cs
3946,1719,,en
3947,1720,,cs
3948,1720,,en
3949,1721,"kromě letecké pohyblivé (R)",cs
3950,1721,"except aeronautical mobile (R)",en
3951,1722,"(R) (vzestupný směr)",cs
3952,1722,"(R) (Earth-to-space)",en
